,login
0,tkersey
1,njonsson
2,bangpound
3,koconder
4,Rud5G
5,mlsj1
6,syug
7,esneko
8,neopunisher
9,jazzwang
10,fly51fly
11,fallenpegasus
12,fribeiro1
13,brase
14,chchrist
15,massimoselvi
16,ScottJWalter
17,mindcrime
18,informaticadiaz
19,MarceloNascimento
20,dmsbilas
21,thimslugga
22,leecardona
23,nara
24,semsphy
25,srp19
26,DaemonCahill
27,Cambera
28,riyadparvez
29,mitaka
30,ZhangYunfang
31,temosy
32,threadstonesecure
33,manuelhunziker
34,ambagasdowa
35,pedro-lima
36,alexharvey
37,josh-fisher
38,kumarlokesh
39,subidit
40,pdevenraj
41,nerandell
42,raghuboosetty
43,tdmalone
44,34code
45,burib
46,whn09
47,bobbyearl
48,alishir
49,ahlfors
50,bsrz
51,mailmahee
52,mihkels
53,daefresh
54,dofstar
55,codee
56,EdZava
57,pmanolak
58,kistasi
59,firebitsbr
60,glaucodiogo
61,manjunathd
62,afonsoalban
63,rsaa
64,hvn0413
65,duxing2007
66,ste93cry
67,terran1942
68,itanoss
69,thesobercoder
70,bygbyron3
71,rickymaciel
72,KevinGimbel
73,zsp0817
74,konamo
75,voldyman
76,golf-x
77,alexjennings
78,somaditya
79,apjowen
80,usui-tk
81,dengqixing
82,Davi-He
83,godsoul
84,kumar-nitish
85,snoop0x7b
86,PandaBlessing
87,andyuls
88,juanjoruiz2109
89,mangualero
90,proverbs53
91,Rajivhost
92,universewrld
93,HJiefeng
94,kkpan11
95,plumcube
96,magigo
97,ahmadfaizalbh
98,flukebox
99,jakebrinkmann
100,simar1998
101,AAbasinejad
102,virtuoushub
103,huamichaelchen
104,mumblepins
105,b3nkos
106,bretdarby
107,srinitude
108,the-watchmaker
109,codinggooner
110,kimpenguin
111,weisberg
112,ace-coder
113,infinitedreams9586
114,tusharsoni08
115,hoansgithub
116,schallerala
117,alexxyjiang
118,star-fx
119,amavlyanov
120,garciparedes
121,keshabb
122,s0nlxaftrsh0ck
123,darasat
124,mklemann-com
125,tiloyi
126,roykalony
127,thomasdalbert
128,LavenderDaisy
129,edisona
130,Steven-Acomb
131,kevcooper
132,jodavaho
133,side9show
134,teeksingh
135,kevingrondin
136,koyashiro
137,unlitdev
138,well1791
139,mleziva
140,ykaidashov
141,anand-b
142,xGreat
143,MatterhornProject
144,tolgabuyuktanir
145,cash2059
146,rajabalaji-mp
147,vedamj01
148,jafferlin
149,rodazuero
150,JustCallMe-AK
151,henriquerick
152,Wyvernslay3r
153,gabrlyg
154,paulosiciliano
155,martinvaldivia
156,rdczhby
157,mys328
158,andrey-berenda
159,sinhang
160,Pal3love
161,Lakshmiaddepalli
162,mohamed-abdelsattar92
163,rawer886
164,thanhcsf
165,junaid109
166,bafeiyu
167,Ylmzef
168,anlexN
169,Janujan
170,fwblcz
171,djinl520
172,protyay
173,selfishprimate
174,Mwalthery
175,GregAllenSmith
176,zgover
177,avestura
178,aspindle
179,pqrsooo
180,evanshrestha
181,bos-hieu
182,sonimonish00
183,ljesparis
184,imvikramn
185,massivelivefun
186,garrettrh
187,ghishadow
188,shower1986
189,mseld
190,JasonYe88
191,seshurajup
192,xiaopizi19
193,pelamlio
194,Asavarkhul
195,ajay340
196,custadian
197,KlwntSingh
198,FelixFeliciant
199,learnerzhang
200,gamedebug
201,jonathanarodr
202,osama-ahmed
203,nir-zilberman
204,changyongyong
205,bigDP
206,WajahatSiddiqui
207,markjohnlucas
208,Vaibhav
209,manavchoudhary
210,nikolaospapachristou
211,jcarlos001
212,vslala
213,Ngel-Castro
214,dawei-wang
215,George-Petrovski
216,JeffUssing
217,edstgo
218,yxblee
219,barisates
220,ankkrish
221,pratickRoy
222,pereirakadu
223,justinsamuel92
224,dotsnangles
225,609151318
226,RyanAugust
227,igarash1
228,noid11
229,ioing
230,AruulmozhivarmanS
231,Tusharjagi
232,ivaylo-yordanov
233,rramirez0203
234,emullaraj
235,mcguegi
236,nbhirud
237,fischerleon
238,UmutSERIFLER
239,zhu0823
240,Joe192168
241,LindaHaviv
242,ball582
243,dmitrykrisko
244,we1l1n
245,thangnm93
246,dongzhuoyao
247,xuelangqingkong
248,godobyte
249,chanffdavid
250,anomaly-88
251,undabah
252,aymenbelarbi
253,ashish936
254,giotramu
255,0xlkda
256,guilhermebc
257,SMBgurus
258,mate-h
259,artur-sak13
260,yorshreynoso
261,yehuizhang
262,AAdewunmi
263,Zenidog8
264,kalsyanpradeep
265,charaton
266,vonzou
267,jaymahfudy
268,maxsxu
269,keita-hino
270,KyuDounSim
271,Anirudh257
272,joaoantoniomartinsfilho
273,satyarajreddy
274,AnsonHwang86
275,anirudhbagri
276,STCYC
277,rsmelo92
278,StrangerCoug
279,keren123
280,Grimgog
281,noodanee
282,alobe
283,JadeCong
284,graceko22
285,paletode
286,Timotej979
287,erenaslandev
288,serhiiklenachov
289,camerondurham
290,khanhhuy288
291,gstair
292,ifbowen
293,hotsticker
294,ningfc
295,RishabhKr97
296,jiangoz
297,ardasatata
298,Murplugg
299,tanvirstreame
300,kworkbee
301,arnab-ray
302,yuriykuntsyak
303,StarDustTwinkle
304,bahadirsahin
305,SMSesay
306,jamestiotio
307,anuj97
308,yaelBrown
309,motmaytinh
310,desaidn
311,NoxGamingQC
312,aravinthakannan
313,lingjiekong
314,diohsb
315,janviyao
316,hijiki51
317,mksarge
318,pradeepkni382
319,rdnasim
320,shrinidhibarthur
321,StrangeKnowledgeIncresed
322,Austin47
323,shokriw
324,franklin-monreal
325,xxh031203
326,dororoholic
327,lossfunc
328,feapaydin
329,loumalouomega
330,garyhtou
331,d3v2null
332,msweetland
333,jrjm1111
334,mitutitu16
335,ShuhaoZQGG
336,akashsathyan
337,chrisskhoury
338,jeremychauvet
339,riturajDas
340,Logicus03
341,chinchillajared
342,isabelchaves
343,shikharsaxena98
344,flukelaster
345,rjuer
346,mussieh
347,lintsai
348,nj1787
349,rockychang7
350,hanwgyu
351,wudangqibujie
352,DihanDai
353,drewfrost
354,MUmarJaved
355,contimatteo
356,amaankulshreshtha
357,hackenbacker
358,petronem
359,my1795
360,Pzoom522
361,nityansuman
362,hahacyd
363,wangtiechuan
364,lynmison
365,anaghkanungo7
366,RickyC0626
367,WladFrazao
368,Ming0217
369,caesar-one
370,Ishanna
371,nvspavankalyanch
372,JoeRMiller
373,devStarscream
374,nkn6294live
375,ShwetaShivangi
376,amwi04
377,pd14196
378,tychodev321
379,TheFJS14
380,Baleryom
381,caitinc
382,almokhtarbr
383,andreacip
384,alexanderafanasov
385,thapaashis110
386,soccernut
387,mdobro1
388,royswale
389,saneknight
390,AnhTrieu
391,janmarkuslanger
392,morinyan
393,gujiacun
394,adileone
395,BIGChask
396,mapjx
397,fuhaoma
398,DXLZ
399,nuffQuantumSayd
400,kekemao00
401,lamsd
402,anuq
403,igorasantos
404,metaphor0
405,iashutoshtiwari
406,yaravi
407,skippermin
408,masakiasami
409,huannvttd98
410,thatbeautifuldream
411,happyqq
412,iameduardod
413,wuchunfu
414,venkate5hgunda
415,whuhxb
416,ks1990cn
417,ronnielutalo
418,Samutichev
419,jongan69
420,nmoisesp
421,kayericson
422,tjolr
423,LuGO0
424,lodhik9
425,cultivate5253
426,akazyti
427,boomer2752
428,Luccasoli
429,benmassaoud
430,abheesht17
431,HebaElGalad
432,himanshututeja1998
433,sevenhqj
434,AsadAmir111
435,CWHer
436,Pei1133
437,SamuelMaculuve
438,pasenchenko
439,jinjidong
440,eemailme
441,Nikronic
442,Razdeep
443,FenTheDev
444,Dxdzy86
445,skywalkersPadawan
446,patrick22414
447,Jiahuan-Pei
448,preciouschydo
449,johngunerli
450,akashmdkml
451,Menotron
452,smustafa75
453,nanaboat1
454,Karim-53
455,EthanC-8
456,nitinnbisht
457,ericpark123
458,5l1v3r1
459,Yulv-git
460,hexolan
461,moqsien
462,MilleniumSpark
463,sagsango
464,Programador89
465,robertgro
466,JasonMoon95
467,raashidanwar
468,jackpan123
469,bshreddy
470,TsukasaSeto
471,PallaviVarandani
472,alvinlal
473,Rookl
474,awabasher
475,Katsukiniwa
476,PMcTwist
477,hqng
478,rkv0id
479,MadeInLondon
480,shiminfxcvii
481,sigsant
482,celikgokhun
483,shiva0612
484,kyamashiro
485,LasVegasBilly
486,Turbocaspal
487,davnunes
488,afondiel
489,johnnyrtrentin
490,stnorbi
491,stacyrymer86
492,zero-null
493,jh9875
494,GITWHB
495,ricardosuman
496,mencarellic
497,rabbithophop
498,ftf1218
499,hirawatt
500,adilet-saken
501,marcomamprin
502,Thejuskbenny
503,TomasDavidYe
504,nanaxumu
505,GabrielFerrante
506,13995595007
507,tinahuang222
508,Bhavuk-Garg
509,Mzon2857
510,thiagomares
511,mjsheikh
512,anishamalde
513,TeddyCom1
514,prabhumns
515,HyunjunA
516,harishravi121
517,iamharvey
518,rahul-zomato
519,avanishvyas
520,inframarauder
521,YjqZhouxiao
522,adhamsalama
523,LuoTailong
524,sovansambath-phann
525,rkej
526,jinshuye
527,ibn-khafagah
528,kartikeytewari
529,md-arfin-cse
530,johncruyff14
531,johan-lab
532,ambanerjee
533,bzamith
534,deviknitkkr
535,Abirul
536,ranefattesingh
537,nesakobi
538,andrewdge
539,RobertConde
540,hartl3y94
541,saarthdeshpande
542,leechenze
543,Dexterzprotege
544,sandrawilczynski
545,Debarshi95
546,gauharayub
547,GowthamSk1
548,PolyVoid
549,middas-0706
550,WendyYanto
551,batuhan-basoglu
552,sangamesh-kodge
553,claudsonbarros
554,yotamnahum
555,huiminlim
556,sumukhteja
557,valtab
558,JankinTian
559,djmcclary
560,theroyakash
561,sadoreko
562,billsenxu
563,MarcoSantonastasi
564,cheungfujai
565,amadsalmon
566,infinitepower18
567,ashr4f1arr2ad
568,rgdyy
569,shayanekat
570,fellipematos
571,Disciple0fMarx
572,VE5ETA
573,KlinKlinKlin
574,ishu-thakur
575,brijeshbhalodiya
576,zaaakher
577,XRLZX8
578,soumyadbanik
579,zhnzhang
580,yhf98
581,xjhofernandes
582,gauravagrwal
583,juanca-jimi
584,mapy1874
585,JohnDNC
586,zeelsheladiya
587,ImKunYoung
588,EduardHov
589,risejl
590,Soumil-Bhattacharya
591,mahmoudmohamed22
592,johnmccants002
593,samedsemihs
594,moramadan98
595,aymandarwish
596,HongLouyemeng
597,maniac1122
598,Sambit650
599,haja-fgabriel
600,kohring
601,okonri
602,paulohenz
603,leopoldoH
604,cnhuz
605,liltommy1dev
606,Wwillers
607,owini
608,amirmojarad
609,RichardZj
610,nolvuscodes
611,MarcoSteinke
612,acox216
613,smy1999
614,anujchoudhary-17
615,mazrean
616,XrosLiang
617,994Simone
618,Mystic-77
619,bruno-aires
620,Jirigesi
621,imokhtar
622,ArthurAnastopulos
623,w3dg
624,guilefoylegaurav
625,denmj
626,frankxzAmazon
627,ericwidjaja
628,mirfanaslam
629,nayeonshin
630,xiaozhiob
631,u-yas
632,smelouah
633,icqmula
634,dmascheck
635,Abhirajnow
636,sanjuchandra
637,sadiqshaik123
638,cccaimingjian
639,anurag01a
640,masrafi115
641,sm-heard
642,Abhijrathod
643,agastaldellomaccomit
644,steffiypx
645,AdnanAaddi
646,MaxDeveloper16
647,leonardofoohawyang
648,tenpa007
649,gtrman97
650,MuffinAmor
651,rushilenekar20
652,soma2000-lang
653,jin-sungdae
654,Git-Codder
655,Ayush-Pujari-07
656,goillotc
657,2019-GitHub-Chu
658,Tarsisnbs
659,dylenchang
660,chinkin707
661,frankporco
662,adithya1010
663,sametcn99
664,anubhvshrma18
665,Aditya-Khemka
666,chanwoo00106
667,FrankQixiangGao
668,alikemalozgumus
669,Codesmaster-lab
670,gwd666
671,Supriyo8799
672,Maher-RJ
673,Dajun-2019
674,stevenrsewell
675,Symon629
676,kranti2201
677,prad-j
678,jaquespavan
679,huiyouyou
680,vignesh5535
681,huai-jie
682,bipin0x01
683,chrichri17
684,GessioMori
685,TylerMamrot
686,danmslamt
687,Pecorari
688,1MuhammadFarhanAslam
689,najmehn00
690,Uplift-0508
691,ajmalbinnizam
692,TatsuyaNakagoshi
693,NonymousMorlock
694,EfeAcar6431
695,akinfelami
696,avstreamdevpro
697,NaoyaTatetsu
698,mijung-in-11st
699,simonjgr
700,avadhutjc
701,MLHaddon
702,Capital-SetMawHtay
703,jcork4real
704,aditya-repos
705,spencerlepine
706,calbergs
707,yusuke-z
708,jimmysmits
709,Drag0nf1y
710,JohnDoll2023
711,ssantoshp
712,vinodpatildev
713,leejoonhun
714,mmhamdy
715,lorenonzi
716,VitorAkira-me
717,solfonte
718,PrideStudio
719,CodeMaster719
720,Matt-Bulk
721,xiao-cy
722,galichy79
723,thefaheemkhan
724,Flaiers
725,avishekchy45
726,Derokkk
727,Shahna-C
728,Ethan-Ka
729,grahamwaters
730,deezeddd
731,jaymepsantos
732,mohamedhabibwork
733,anurag1504t
734,rajveer43
735,Kushan2k
736,Thilak-KN
737,katopiler
738,AesisGit
739,rafaelporfiriobarros
740,OBud75
741,yosefkiros
742,benzebra
743,HamdanAr
744,ralintuscano
745,rhattox
746,FurkanEdizkan
747,SegaGLm
748,celso-na-teixeira
749,nilesh05apr
750,EM51641
751,seanpm2001
752,thiagodebugs
753,dylanhood
754,JohnPPinto
755,Pquar
756,oss-mad
757,AHANCIT
758,sebaminaya0
759,d-t-n
760,rbuchmann77
761,Rameshraj55
762,SeifEldinMohamed
763,seungha-0709
764,SteCC
765,JoseRicardoPE
766,PhumyJS
767,yuyingjun0922
768,SHakhzodTojiyev
769,ShabbirHasan1
770,klkuogamer
771,ggopal13
772,angeloS-98
773,yagikota
774,DougRog
775,rdbender
776,uivid64
777,deevanshu-k
778,linquint
779,jeanhackpy
780,PhaedrusFlow
781,nguyen-duy-tan
782,Tpeach9474
783,KennyOliver
784,ronnieangeles
785,mahmud0v
786,carnate-tech
787,mertkilix
788,Ghost1386
789,istellaliu
790,QuantumBoy1010
791,polygonnedpotato
792,MadushanNimantha
793,Choikyudong
794,Harshi-itaSinha
795,anthowest
796,emiltervo
797,mohd-salem
798,Infisrael
799,MateSousa
800,marcelozepeunam
801,canyoldas0
802,erfuun
803,madcitymultimedia
804,arunavabasu-03
805,JonathanCristovao
806,ddiogoo
807,ugke
808,Gustavo-Murdiga88
809,uk-2
810,aadarsh-af
811,karthikmurakonda
812,littlelionly
813,vidda5
814,AndreiMariciuc
815,tatvil
816,michelececcacci
817,nabeelnoor
818,sherlcok314159
819,mist1024
820,elerner42
821,vedantraval2310
822,juliana-silva-hub
823,mrrushikeshdaund
824,sudongyuer
825,LlandspitRunzingf
826,Westsi
827,AnmolVerma404
828,JoseLopezSolis
829,Ashish0898
830,muratali016
831,ozancck
832,farinaceos
833,zamoosh
834,anadeem2
835,natdosan
836,ojuschugh1
837,cx63cc
838,ForBai
839,David7ce
840,chococandy63
841,TruongNhanNguyen
842,itsRealEllis
843,weiliw-amz
844,lllllllllliiiilllliiliiiilllli
845,VenuGarlapati26
846,samliu90
847,FukazawaKazushi
848,TheTrueKen
849,StephenOravec
850,sbdeveloper90
851,loupprodi
852,shirushi-dev
853,Samruddhi362
854,clearljn
855,Mairobinsky
856,pritamkpratihari
857,HenryDV
858,federicoreppucci-deliveroo
859,buiquangthanhcode
860,MJ-Tech-H
861,KendallDoesCoding
862,Shrey-Srivastava21
863,harshglory129
864,niravpi
865,Itisjigar
866,piyusagr
867,adnene-guessoum
868,Yajie-Zhang
869,huseyingirgin-eva
870,script-lab
871,ccampa896
872,Ahmedhamza1232001
873,nurullah-arican
874,Ariyandev51
875,ishika1501
876,mdzaberalhamid
877,MuziZwane
878,batz-gg
879,jmoore78
880,Sai-teja-rachamalla
881,ekaterina4952
882,KalvenDebig
883,kumartul
884,loraxoy
885,YoliswaD
886,frankpengau
887,wanjanhasan
888,Phillipe-Hugo
889,ndnan
890,NickMezacapa
891,fedebayer
892,xwillxu
893,danielaiyuan
894,NavratanPatel
895,Mohammadflht
896,Tahsin411934
897,Samruddhiiii
898,fvarghese99
899,rediahmds
900,nishantb06
901,Louuuaiii
902,FelipeFama
903,sanju50201
904,marcusPrado02
905,Arshu200
906,josephmartinmoran
907,AndreCoutinhom
908,natamartins
909,sssamm29
910,techprogo
911,mgaspirc
912,SarfarajRahmn
913,Aniketchaudhary16
914,JeromeXapix
915,ClaudiaA18
916,ElizabethJoseph25
917,Manbendra2014
918,Saleheddin
919,heshara2000
920,Shahid6289
921,henry-vipnet360
922,Kishank111
923,thrashghost
924,prejin2310
925,alismask
926,rodrigommar
927,Sudhanva-Nadiger
928,ethangutknecht
929,mb4m1
930,Lucas1114
931,puppsupr
932,naji0329
933,SuperSmile0109
934,Giasinit
935,apella1
936,0laday0
937,pannacottaaaa
938,mars-aria
939,bed-com-29-19
940,ygill
941,isaacbrendel
942,Avidlearner001
943,zagui-master
944,Ganesh972
945,marupon3910
946,Fuko-Ibuki
947,JeffreyChim
948,supbrice
949,black-mold
950,BrunoGr0883
951,tomgangwang
952,emmyoh
953,leonardonakagawa
954,chkp-bryans
955,hgnzheng
956,agurinv
957,sghost13
958,SpikyWU7
959,shashank-mishra14
960,KoolSoul
961,Naveen2334
962,IAMPARSI
963,LeonMS123
964,Angie-Zhang
965,Vladdstian
966,satayuji
967,HJPandey
968,ryanherd
969,gremsyQuanLe
970,Kenaaaaaa
971,koray-aydin
972,lchen104
973,louisphihaihoang
974,YasinAshorian
975,RahulDubey391
976,SnKToR
977,Rupesh510
978,akshit2257
979,pppppyamaP
980,Rajesh562020
981,Trik01
982,zahidhussain998
983,hemsridh
984,Vijay3725
985,DDDavey
986,lowep
987,yolo102938
988,FlawlessCasual17
989,dhineshprabakaran
990,qdclub
991,asimpson0000
992,dmytrochumakov
993,thatme12
994,The-code-is-secret
995,jeremyw-dobeu
996,christine-sandbox
997,maxrathmann
998,AaronSMathew
999,FIDEL7Z
1000,rohit250799
1001,MirboboyevJasurjan
1002,nadprime
1003,aka5050
1004,tori-ham
1005,boscotba
1006,jasonthedataguy
1007,AContesini
1008,julianomolinari
1009,Ponthezs
1010,akhmadmamirov
1011,bourbakiN97
1012,Myceliose
1013,mil2tech
1014,ad0niram
1015,chrisgomad
1016,looooooooy
1017,ayitharevanth
1018,Julioalvestv
1019,Ashishh0007
1020,seespike
1021,penguinpottery
1022,crr-bbai
1023,ComprehensiveAmoeba
1024,andedavd
1025,WLHQ
1026,manuelortizus
1027,aibolu
1028,MaxBryne
1029,Frisek
1030,shanenichols-channeladvisor
1031,mircoisendu
1032,soriqoo
1033,ThecoderPinar
1034,romans1234
1035,silviana-hs
1036,risingcurve
1037,rigvedp97
1038,sahanediriweera
1039,Raghavendra-Yadav
1040,jcf170030
1041,ThomasCode92
1042,rsenthur
1043,xmartinsbr
1044,JulienCamp
1045,ryan-w-roche
1046,montyma-amazon
1047,BryantVencil
1048,Vasco-Arts
1049,akshaygp18
1050,AgentofPhoenix
1051,JapnoorHere
1052,Zaka123456
1053,Pulimi1991
1054,modabossymaxk
1055,Janxxxx
1056,BandhiyaHardik
1057,srdegbe
1058,pushkarcode
1059,bbazwalt
1060,Fiyinfoluwa28
1061,Calum09
1062,TaryNascimento
1063,Itzkuldeep444
1064,rafaelgandis
1065,iamchiranjeebpanda01
1066,gsoni1
1067,aniruddhawathare
1068,Qianru69
1069,samiamorshed
1070,mrlizhaozhi
1071,soorajaryan007
1072,IKashCode
1073,Anmol5519
1074,fernandobraz88
1075,bhargavbijjam
1076,BigSlum
1077,RomDev7
1078,doski22
1079,allaboutevemirolive
1080,hongbo-wei
1081,mdhumairraza
1082,Laindrion
1083,kdelcampo13
1084,Hoppeful
1085,vaddikeshavareddy
1086,MahdiCodee
1087,DonzerHD
1088,darenj456
1089,coder-nian
1090,shubmanh
1091,kybex11
1092,VasanthamHimaanshu
1093,SvipWangyh
1094,innocentc
1095,1jana0
1096,Armkas
1097,mgtian03
1098,GuilhermeeCustodio
1099,rajwadejii
1100,carlosgomezi
1101,RaviYadav02
1102,DadMouth82
1103,jvitorlk
1104,lr-devx
1105,Su-Tcode
1106,gitteedara
1107,iam-back
1108,Ananya2311
1109,MaxwellNi
1110,eloidieme
1111,winfredbo
1112,xcrar
1113,Sheepdog2022
1114,Salvapazzo86
1115,Mohamed988o
1116,htiennv
1117,Shashank1407
1118,ali-fraz
1119,sbaws
1120,rany01
1121,Anis-Web
1122,Ig0rFA
1123,Som-III
1124,wshanleee
1125,ansh2903
1126,konpap-chan
1127,sudoblanc
1128,Arun-gox
1129,amitsingh2022
1130,java-oss
1131,misaelsp
1132,developer1618
1133,JaafarLezzaik
1134,AliHossam98
1135,Renpeng01
1136,shanechioa
1137,davidade300
1138,pchalise7
1139,Valliebby
1140,camilasoares045
1141,poemww
1142,Alexdon1988
1143,aminbiography
1144,Svetozara3363
1145,MarcelloCordal
1146,github-world192
1147,rajeshkanugu
1148,sivalaxman07
1149,raphaelguardiano
1150,choiruddine
1151,Nithin-singiri
1152,adiibnuajat
1153,krishnagptamcs
1154,yanwei257
1155,gauravchakrxborty
1156,sergiojfsunior
1157,GiuLOCX
1158,firefitdesgns
1159,themrhoffmann
1160,mgrundwuermer
1161,ryanAMZN
1162,Philipabao
1163,bnmbz
1164,Parvbird
1165,Olaffson
1166,Hamza-H10
1167,karthik121222
1168,timboslice832
1169,gilleswb
1170,Naruto-79
1171,aostar168
1172,tinajiang26
1173,marcosdataleal
1174,nandarshan
1175,HappyDream0317
1176,Andrei-Boghiu
1177,martinOofay2023
1178,gviictxr
1179,RomanGleizer
1180,josielabreu
1181,VISHALVARUN011002
1182,ColdCodedotso
1183,19raulruiz68
1184,zaim03767
1185,Nanigullipalli
1186,imishangrover
1187,wiscdn
1188,ortanaV2
1189,sks972
1190,omarhabd
1191,Kayra-Baran
1192,purushoth2603
1193,ywangire
1194,ZenShuHara
1195,chende1121
1196,TF-185
1197,Tanzimalahi
1198,VidhiS07
1199,JCOOPER5646
1200,danylo-miranda
1201,SangaoWe
1202,Maycon-dSilva
1203,imanol-2021-12
1204,andregustavoaguiar
1205,aws-apradana
1206,choimikey
1207,yudai-shibuya
1208,datamoro
1209,Maycon-Melo
1210,lanjua5899
1211,AnnaleaLayton
1212,notjustjoshin
1213,niveshatom11
1214,LucaMaximilianBuchwald
1215,amenihong
1216,MT-Designs
1217,ben9672
1218,YuvalYanay
1219,Abeldsonndiku
1220,WIN1NG22
1221,GauravDevOps711
1222,paracatuatomico
1223,PatientProblemSolver
1224,the-new-fifty-two
1225,DavideSchirru17
1226,RajVishal7
1227,CameronScarpati
1228,adityadatta11
1229,joaovgcoelho
1230,V-AI-ML-DL-DS-PL-PYTHON-JAVA-GO-2023-0
1231,Umesh2851997
1232,Amisha-verma2907
1233,ocupadaparavc
1234,nogueiralf
1235,zactseng
1236,ricberht
1237,ChamelePhantom
1238,abolfazlhajjar
1239,Tariq-Anjum
1240,vedamjamz
1241,adminjd
1242,Zzzyyy2023
1243,Chrishargrove58
1244,Kikikickss
1245,luneto10
1246,538mansi
1247,INGVARtattoodjnWEBdev
1248,PPCXZ
1249,cvs0
1250,ZumaGr
1251,rshuba4
1252,sairavi5887
1253,ravigiri91
1254,dminduca
1255,mohamedtalhaouii
1256,vx-vijay
1257,Sofyaolvs
1258,hatimharrati
1259,acya-amazon
1260,kidu-s
1261,unstatistical
1262,niroshinimurugadas
1263,harishravi131
1264,wishspotting
1265,harishravi141
1266,harishravi151
1267,luisdavidpaz
1268,JustSouichi
1269,suncoastcloud
1270,Pranavprasadsinghs
1271,miguelkuter
1272,Pymster
1273,Sethfire2
1274,sfc-gh-cmilton
1275,smart-person
1276,SavetoAI
1277,ANVESHBV
1278,tufanbil
1279,iamakachili
1280,arturogaitatzis
1281,Morkonian9
1282,NikolaiYYDS
1283,y-hbb
1284,HkDotPY
1285,Bishal-11
1286,guiherme-git-tec
1287,goeo1066
1288,GitHub7667
1289,fairytalesbrand
1290,arch1024
1291,remotemommy
1292,Disnord
1293,AbdullahKhalide
1294,3d01
1295,FlipGeorgios
1296,mohamedahmedch
1297,negoceio
1298,AmirSheikhmagomedov
1299,anthonybiondojr
1300,zhuofuAMZ
1301,WorananH
